﻿"Tabela 10145 - População residente, total e diagnosticada com autismo, por sexo e grupo de idade - Ranking ascendente"
"Variável - População residente (Pessoas)"
"Unidade da Federação";"#";"Grupo de idade";"Ano x Sexo"
"Unidade da Federação";"#";"Grupo de idade";"2022"
"Unidade da Federação";"#";"Grupo de idade";"Total"
"Rondônia";"1";"0 a 4 anos";"113704"
"Rondônia";"2";"10 a 14 anos";"116966"
"Rondônia";"3";"5 a 9 anos";"117778"
"Rondônia";"4";"15 a 19 anos";"121166"
"Acre";"1";"0 a 4 anos";"71242"
"Acre";"2";"5 a 9 anos";"74665"
"Acre";"3";"10 a 14 anos";"75688"
"Acre";"4";"15 a 19 anos";"78911"
"Amazonas";"1";"0 a 4 anos";"352580"
"Amazonas";"2";"10 a 14 anos";"356412"
"Amazonas";"3";"15 a 19 anos";"367558"
"Amazonas";"4";"5 a 9 anos";"368071"
"Roraima";"1";"15 a 19 anos";"57581"
"Roraima";"2";"10 a 14 anos";"58716"
"Roraima";"3";"5 a 9 anos";"63071"
"Roraima";"4";"0 a 4 anos";"64720"
"Pará";"1";"0 a 4 anos";"633691"
"Pará";"2";"5 a 9 anos";"671391"
"Pará";"3";"10 a 14 anos";"689309"
"Pará";"4";"15 a 19 anos";"726162"
"Amapá";"1";"10 a 14 anos";"65505"
"Amapá";"2";"0 a 4 anos";"65666"
"Amapá";"3";"5 a 9 anos";"67283"
"Amapá";"4";"15 a 19 anos";"67547"
"Tocantins";"1";"0 a 4 anos";"114336"
"Tocantins";"2";"5 a 9 anos";"116944"
"Tocantins";"3";"10 a 14 anos";"118891"
"Tocantins";"4";"15 a 19 anos";"125308"
"Maranhão";"1";"0 a 4 anos";"517164"
"Maranhão";"2";"5 a 9 anos";"546507"
"Maranhão";"3";"10 a 14 anos";"581444"
"Maranhão";"4";"15 a 19 anos";"613621"
"Piauí";"1";"0 a 4 anos";"216791"
"Piauí";"2";"5 a 9 anos";"226182"
"Piauí";"3";"10 a 14 anos";"239347"
"Piauí";"4";"15 a 19 anos";"257898"
"Ceará";"1";"0 a 4 anos";"575351"
"Ceará";"2";"5 a 9 anos";"609873"
"Ceará";"3";"10 a 14 anos";"619564"
"Ceará";"4";"15 a 19 anos";"648490"
"Rio Grande do Norte";"1";"0 a 4 anos";"205410"
"Rio Grande do Norte";"2";"5 a 9 anos";"220919"
"Rio Grande do Norte";"3";"10 a 14 anos";"230216"
"Rio Grande do Norte";"4";"15 a 19 anos";"243205"
"Paraíba";"1";"0 a 4 anos";"264689"
"Paraíba";"2";"5 a 9 anos";"276649"
"Paraíba";"3";"10 a 14 anos";"285703"
"Paraíba";"4";"15 a 19 anos";"296392"
"Pernambuco";"1";"0 a 4 anos";"593076"
"Pernambuco";"2";"5 a 9 anos";"645453"
"Pernambuco";"3";"10 a 14 anos";"654720"
"Pernambuco";"4";"15 a 19 anos";"686587"
"Alagoas";"1";"0 a 4 anos";"227719"
"Alagoas";"2";"5 a 9 anos";"236735"
"Alagoas";"3";"10 a 14 anos";"246625"
"Alagoas";"4";"15 a 19 anos";"258248"
"Sergipe";"1";"0 a 4 anos";"148007"
"Sergipe";"2";"5 a 9 anos";"157103"
"Sergipe";"3";"10 a 14 anos";"165166"
"Sergipe";"4";"15 a 19 anos";"172573"
"Bahia";"1";"0 a 4 anos";"887406"
"Bahia";"2";"5 a 9 anos";"964752"
"Bahia";"3";"10 a 14 anos";"1009419"
"Bahia";"4";"15 a 19 anos";"1070997"
"Minas Gerais";"1";"0 a 4 anos";"1186612"
"Minas Gerais";"2";"5 a 9 anos";"1256682"
"Minas Gerais";"3";"10 a 14 anos";"1265031"
"Minas Gerais";"4";"15 a 19 anos";"1364495"
"Espírito Santo";"1";"0 a 4 anos";"240741"
"Espírito Santo";"2";"10 a 14 anos";"246288"
"Espírito Santo";"3";"5 a 9 anos";"254304"
"Espírito Santo";"4";"15 a 19 anos";"255842"
"Rio de Janeiro";"1";"0 a 4 anos";"888420"
"Rio de Janeiro";"2";"10 a 14 anos";"957931"
"Rio de Janeiro";"3";"15 a 19 anos";"1007920"
"Rio de Janeiro";"4";"5 a 9 anos";"1023552"
"São Paulo";"1";"0 a 4 anos";"2474966"
"São Paulo";"2";"10 a 14 anos";"2730551"
"São Paulo";"3";"5 a 9 anos";"2771770"
"São Paulo";"4";"15 a 19 anos";"2850079"
"Paraná";"1";"0 a 4 anos";"700071"
"Paraná";"2";"10 a 14 anos";"738122"
"Paraná";"3";"5 a 9 anos";"758746"
"Paraná";"4";"15 a 19 anos";"760913"
"Santa Catarina";"1";"10 a 14 anos";"464084"
"Santa Catarina";"2";"0 a 4 anos";"467138"
"Santa Catarina";"3";"15 a 19 anos";"480841"
"Santa Catarina";"4";"5 a 9 anos";"488250"
"Rio Grande do Sul";"1";"0 a 4 anos";"609443"
"Rio Grande do Sul";"2";"10 a 14 anos";"629535"
"Rio Grande do Sul";"3";"5 a 9 anos";"666740"
"Rio Grande do Sul";"4";"15 a 19 anos";"670620"
"Mato Grosso do Sul";"1";"15 a 19 anos";"197309"
"Mato Grosso do Sul";"2";"0 a 4 anos";"198643"
"Mato Grosso do Sul";"3";"10 a 14 anos";"199853"
"Mato Grosso do Sul";"4";"5 a 9 anos";"208237"
"Mato Grosso";"1";"10 a 14 anos";"264548"
"Mato Grosso";"2";"15 a 19 anos";"271050"
"Mato Grosso";"3";"0 a 4 anos";"281886"
"Mato Grosso";"4";"5 a 9 anos";"283236"
"Goiás";"1";"0 a 4 anos";"460864"
"Goiás";"2";"10 a 14 anos";"475878"
"Goiás";"3";"5 a 9 anos";"494159"
"Goiás";"4";"15 a 19 anos";"508813"
"Distrito Federal";"1";"0 a 4 anos";"166770"
"Distrito Federal";"2";"10 a 14 anos";"181604"
"Distrito Federal";"3";"5 a 9 anos";"184448"
"Distrito Federal";"4";"15 a 19 anos";"210339"
"Fonte: IBGE - Censo Demográfico"

"Notas"
"1 - Dados dos resultados preliminares da amostra, estimados a partir de áreas de ponderação preliminares;"
"2 - Considera-se pessoa com autismo aquela que respondeu que já foi diagnosticada com autismo por algum profissional de saúde;"
"3 - População residente são as pessoas que tinham o domicílio como local de residência habitual e estavam presentes na data de referência da pesquisa, ou ausentes, temporariamente, por período não superior a 12 meses em relação àquela data."
""
"Legenda"
"Símbolo";"Significado"
"-";"Zero absoluto, não resultante de um cálculo ou arredondamento.
Ex: Em determinado município não existem pessoas de 14 anos de idade sem instrução."
"0";"Zero resultante de um cálculo ou arredondamento.
Ex: A inflação do feijão em determinada Região Metropolitana foi 0.
Determinado município produziu 400 kg de sementes de girassol e os dados da tabela são expressos em toneladas."
"X";"Valor inibido para não identificar o informante.
Ex: Determinado município só possui uma empresa produtora de cimento, logo o valor de sua produção deve ser inibido."
"..";"Valor não se aplica.
Ex: Não se pode obter o total da produção agrícola em determinado município quando os produtos agrícolas são contabilizados com unidades de medida distintas."
"...";"Valor não disponível.
Ex: A produção de feijão em determinado município não foi pesquisada ou determinado município não existia no ano da pesquisa."
"A a Z
(exceto X)";"Significa uma faixa de valores. Varia em função da tabela (se for o caso).
Ex: O nível de precisão da produção estimada de combustíveis está na faixa A (95 a 100%)"
