﻿"Tabela 10145 - População residente, total e diagnosticada com autismo, por sexo e grupo de idade - Ranking ascendente"
"Variável - População residente diagnosticada com autismo (Pessoas)"
"Grande Região";"#";"Grupo de idade";"Ano x Sexo"
"Grande Região";"#";"Grupo de idade";"2022"
"Grande Região";"#";"Grupo de idade";"Total"
"Norte";"1";"15 a 19 anos";"19795"
"Norte";"2";"0 a 4 anos";"23545"
"Norte";"3";"10 a 14 anos";"26490"
"Norte";"4";"5 a 9 anos";"32853"
"Nordeste";"1";"15 a 19 anos";"53669"
"Nordeste";"2";"10 a 14 anos";"76057"
"Nordeste";"3";"0 a 4 anos";"76465"
"Nordeste";"4";"5 a 9 anos";"104896"
"Sudeste";"1";"15 a 19 anos";"76143"
"Sudeste";"2";"10 a 14 anos";"98781"
"Sudeste";"3";"0 a 4 anos";"103271"
"Sudeste";"4";"5 a 9 anos";"137034"
"Sul";"1";"15 a 19 anos";"27239"
"Sul";"2";"10 a 14 anos";"36250"
"Sul";"3";"0 a 4 anos";"40430"
"Sul";"4";"5 a 9 anos";"51268"
"Centro-Oeste";"1";"15 a 19 anos";"14339"
"Centro-Oeste";"2";"10 a 14 anos";"17243"
"Centro-Oeste";"3";"0 a 4 anos";"19395"
"Centro-Oeste";"4";"5 a 9 anos";"24891"
"Fonte: IBGE - Censo Demográfico"

"Notas"
"1 - Dados dos resultados preliminares da amostra, estimados a partir de áreas de ponderação preliminares;"
"2 - Considera-se pessoa com autismo aquela que respondeu que já foi diagnosticada com autismo por algum profissional de saúde;"
"3 - População residente são as pessoas que tinham o domicílio como local de residência habitual e estavam presentes na data de referência da pesquisa, ou ausentes, temporariamente, por período não superior a 12 meses em relação àquela data."
""
"Legenda"
"Símbolo";"Significado"
"-";"Zero absoluto, não resultante de um cálculo ou arredondamento.
Ex: Em determinado município não existem pessoas de 14 anos de idade sem instrução."
"0";"Zero resultante de um cálculo ou arredondamento.
Ex: A inflação do feijão em determinada Região Metropolitana foi 0.
Determinado município produziu 400 kg de sementes de girassol e os dados da tabela são expressos em toneladas."
"X";"Valor inibido para não identificar o informante.
Ex: Determinado município só possui uma empresa produtora de cimento, logo o valor de sua produção deve ser inibido."
"..";"Valor não se aplica.
Ex: Não se pode obter o total da produção agrícola em determinado município quando os produtos agrícolas são contabilizados com unidades de medida distintas."
"...";"Valor não disponível.
Ex: A produção de feijão em determinado município não foi pesquisada ou determinado município não existia no ano da pesquisa."
"A a Z
(exceto X)";"Significa uma faixa de valores. Varia em função da tabela (se for o caso).
Ex: O nível de precisão da produção estimada de combustíveis está na faixa A (95 a 100%)"
