﻿"Tabela 10145 - População residente, total e diagnosticada com autismo, por sexo e grupo de idade - Ranking ascendente"
"Variável - Percentual da população residente diagnosticada com autismo no total da população residente (%)"
"Unidade da Federação";"#";"Grupo de idade";"Ano x Sexo"
"Unidade da Federação";"#";"Grupo de idade";"2022"
"Unidade da Federação";"#";"Grupo de idade";"Total"
"Rondônia";"1";"0 a 4 anos";"2"
"Rondônia";"2";"5 a 9 anos";"2"
"Rondônia";"3";"10 a 14 anos";"2"
"Rondônia";"4";"15 a 19 anos";"2"
"Acre";"1";"15 a 19 anos";"2"
"Acre";"2";"0 a 4 anos";"3"
"Acre";"3";"10 a 14 anos";"3"
"Acre";"4";"5 a 9 anos";"4"
"Amazonas";"1";"15 a 19 anos";"1"
"Amazonas";"2";"0 a 4 anos";"2"
"Amazonas";"3";"5 a 9 anos";"2"
"Amazonas";"4";"10 a 14 anos";"2"
"Roraima";"1";"15 a 19 anos";"1"
"Roraima";"2";"0 a 4 anos";"2"
"Roraima";"3";"5 a 9 anos";"2"
"Roraima";"4";"10 a 14 anos";"2"
"Pará";"1";"0 a 4 anos";"1"
"Pará";"2";"15 a 19 anos";"1"
"Pará";"3";"5 a 9 anos";"2"
"Pará";"4";"10 a 14 anos";"2"
"Amapá";"1";"15 a 19 anos";"2"
"Amapá";"2";"0 a 4 anos";"3"
"Amapá";"3";"10 a 14 anos";"3"
"Amapá";"4";"5 a 9 anos";"4"
"Tocantins";"1";"10 a 14 anos";"1"
"Tocantins";"2";"15 a 19 anos";"1"
"Tocantins";"3";"0 a 4 anos";"2"
"Tocantins";"4";"5 a 9 anos";"2"
"Maranhão";"1";"15 a 19 anos";"1"
"Maranhão";"2";"0 a 4 anos";"2"
"Maranhão";"3";"5 a 9 anos";"2"
"Maranhão";"4";"10 a 14 anos";"2"
"Piauí";"1";"15 a 19 anos";"1"
"Piauí";"2";"0 a 4 anos";"2"
"Piauí";"3";"10 a 14 anos";"2"
"Piauí";"4";"5 a 9 anos";"3"
"Ceará";"1";"15 a 19 anos";"2"
"Ceará";"2";"0 a 4 anos";"3"
"Ceará";"3";"10 a 14 anos";"3"
"Ceará";"4";"5 a 9 anos";"4"
"Rio Grande do Norte";"1";"0 a 4 anos";"2"
"Rio Grande do Norte";"2";"10 a 14 anos";"2"
"Rio Grande do Norte";"3";"15 a 19 anos";"2"
"Rio Grande do Norte";"4";"5 a 9 anos";"3"
"Paraíba";"1";"15 a 19 anos";"1"
"Paraíba";"2";"10 a 14 anos";"2"
"Paraíba";"3";"0 a 4 anos";"3"
"Paraíba";"4";"5 a 9 anos";"3"
"Pernambuco";"1";"15 a 19 anos";"1"
"Pernambuco";"2";"0 a 4 anos";"2"
"Pernambuco";"3";"10 a 14 anos";"2"
"Pernambuco";"4";"5 a 9 anos";"3"
"Alagoas";"1";"15 a 19 anos";"1"
"Alagoas";"2";"0 a 4 anos";"2"
"Alagoas";"3";"5 a 9 anos";"2"
"Alagoas";"4";"10 a 14 anos";"2"
"Sergipe";"1";"15 a 19 anos";"1"
"Sergipe";"2";"0 a 4 anos";"2"
"Sergipe";"3";"10 a 14 anos";"2"
"Sergipe";"4";"5 a 9 anos";"3"
"Bahia";"1";"15 a 19 anos";"1"
"Bahia";"2";"0 a 4 anos";"2"
"Bahia";"3";"5 a 9 anos";"2"
"Bahia";"4";"10 a 14 anos";"2"
"Minas Gerais";"1";"15 a 19 anos";"1"
"Minas Gerais";"2";"0 a 4 anos";"2"
"Minas Gerais";"3";"10 a 14 anos";"2"
"Minas Gerais";"4";"5 a 9 anos";"3"
"Espírito Santo";"1";"0 a 4 anos";"2"
"Espírito Santo";"2";"10 a 14 anos";"2"
"Espírito Santo";"3";"15 a 19 anos";"2"
"Espírito Santo";"4";"5 a 9 anos";"3"
"Rio de Janeiro";"1";"0 a 4 anos";"2"
"Rio de Janeiro";"2";"10 a 14 anos";"2"
"Rio de Janeiro";"3";"15 a 19 anos";"2"
"Rio de Janeiro";"4";"5 a 9 anos";"3"
"São Paulo";"1";"15 a 19 anos";"1"
"São Paulo";"2";"0 a 4 anos";"2"
"São Paulo";"3";"5 a 9 anos";"2"
"São Paulo";"4";"10 a 14 anos";"2"
"Paraná";"1";"15 a 19 anos";"1"
"Paraná";"2";"0 a 4 anos";"2"
"Paraná";"3";"10 a 14 anos";"2"
"Paraná";"4";"5 a 9 anos";"3"
"Santa Catarina";"1";"0 a 4 anos";"2"
"Santa Catarina";"2";"10 a 14 anos";"2"
"Santa Catarina";"3";"15 a 19 anos";"2"
"Santa Catarina";"4";"5 a 9 anos";"3"
"Rio Grande do Sul";"1";"15 a 19 anos";"1"
"Rio Grande do Sul";"2";"0 a 4 anos";"2"
"Rio Grande do Sul";"3";"10 a 14 anos";"2"
"Rio Grande do Sul";"4";"5 a 9 anos";"3"
"Mato Grosso do Sul";"1";"15 a 19 anos";"1"
"Mato Grosso do Sul";"2";"0 a 4 anos";"2"
"Mato Grosso do Sul";"3";"5 a 9 anos";"2"
"Mato Grosso do Sul";"4";"10 a 14 anos";"2"
"Mato Grosso";"1";"10 a 14 anos";"1"
"Mato Grosso";"2";"15 a 19 anos";"1"
"Mato Grosso";"3";"0 a 4 anos";"2"
"Mato Grosso";"4";"5 a 9 anos";"2"
"Goiás";"1";"10 a 14 anos";"1"
"Goiás";"2";"15 a 19 anos";"1"
"Goiás";"3";"0 a 4 anos";"2"
"Goiás";"4";"5 a 9 anos";"2"
"Distrito Federal";"1";"15 a 19 anos";"1"
"Distrito Federal";"2";"0 a 4 anos";"2"
"Distrito Federal";"3";"10 a 14 anos";"2"
"Distrito Federal";"4";"5 a 9 anos";"3"
"Fonte: IBGE - Censo Demográfico"

"Notas"
"1 - Dados dos resultados preliminares da amostra, estimados a partir de áreas de ponderação preliminares;"
"2 - Considera-se pessoa com autismo aquela que respondeu que já foi diagnosticada com autismo por algum profissional de saúde;"
"3 - População residente são as pessoas que tinham o domicílio como local de residência habitual e estavam presentes na data de referência da pesquisa, ou ausentes, temporariamente, por período não superior a 12 meses em relação àquela data."
""
"Legenda"
"Símbolo";"Significado"
"-";"Zero absoluto, não resultante de um cálculo ou arredondamento.
Ex: Em determinado município não existem pessoas de 14 anos de idade sem instrução."
"0";"Zero resultante de um cálculo ou arredondamento.
Ex: A inflação do feijão em determinada Região Metropolitana foi 0.
Determinado município produziu 400 kg de sementes de girassol e os dados da tabela são expressos em toneladas."
"X";"Valor inibido para não identificar o informante.
Ex: Determinado município só possui uma empresa produtora de cimento, logo o valor de sua produção deve ser inibido."
"..";"Valor não se aplica.
Ex: Não se pode obter o total da produção agrícola em determinado município quando os produtos agrícolas são contabilizados com unidades de medida distintas."
"...";"Valor não disponível.
Ex: A produção de feijão em determinado município não foi pesquisada ou determinado município não existia no ano da pesquisa."
"A a Z
(exceto X)";"Significa uma faixa de valores. Varia em função da tabela (se for o caso).
Ex: O nível de precisão da produção estimada de combustíveis está na faixa A (95 a 100%)"
