﻿"Tabela 10145 - População residente, total e diagnosticada com autismo, por sexo e grupo de idade - Ranking ascendente"
"Variável - População residente (Pessoas)"
"Grande Região";"#";"Grupo de idade";"Ano x Sexo"
"Grande Região";"#";"Grupo de idade";"2022"
"Grande Região";"#";"Grupo de idade";"Total"
"Norte";"1";"0 a 4 anos";"1415938"
"Norte";"2";"5 a 9 anos";"1479204"
"Norte";"3";"10 a 14 anos";"1481489"
"Norte";"4";"15 a 19 anos";"1544233"
"Nordeste";"1";"0 a 4 anos";"3635612"
"Nordeste";"2";"5 a 9 anos";"3884173"
"Nordeste";"3";"10 a 14 anos";"4032203"
"Nordeste";"4";"15 a 19 anos";"4248011"
"Sudeste";"1";"0 a 4 anos";"4790739"
"Sudeste";"2";"10 a 14 anos";"5199801"
"Sudeste";"3";"5 a 9 anos";"5306307"
"Sudeste";"4";"15 a 19 anos";"5478336"
"Sul";"1";"0 a 4 anos";"1776652"
"Sul";"2";"10 a 14 anos";"1831741"
"Sul";"3";"15 a 19 anos";"1912374"
"Sul";"4";"5 a 9 anos";"1913737"
"Centro-Oeste";"1";"0 a 4 anos";"1108163"
"Centro-Oeste";"2";"10 a 14 anos";"1121883"
"Centro-Oeste";"3";"5 a 9 anos";"1170080"
"Centro-Oeste";"4";"15 a 19 anos";"1187512"
"Fonte: IBGE - Censo Demográfico"

"Notas"
"1 - Dados dos resultados preliminares da amostra, estimados a partir de áreas de ponderação preliminares;"
"2 - Considera-se pessoa com autismo aquela que respondeu que já foi diagnosticada com autismo por algum profissional de saúde;"
"3 - População residente são as pessoas que tinham o domicílio como local de residência habitual e estavam presentes na data de referência da pesquisa, ou ausentes, temporariamente, por período não superior a 12 meses em relação àquela data."
""
"Legenda"
"Símbolo";"Significado"
"-";"Zero absoluto, não resultante de um cálculo ou arredondamento.
Ex: Em determinado município não existem pessoas de 14 anos de idade sem instrução."
"0";"Zero resultante de um cálculo ou arredondamento.
Ex: A inflação do feijão em determinada Região Metropolitana foi 0.
Determinado município produziu 400 kg de sementes de girassol e os dados da tabela são expressos em toneladas."
"X";"Valor inibido para não identificar o informante.
Ex: Determinado município só possui uma empresa produtora de cimento, logo o valor de sua produção deve ser inibido."
"..";"Valor não se aplica.
Ex: Não se pode obter o total da produção agrícola em determinado município quando os produtos agrícolas são contabilizados com unidades de medida distintas."
"...";"Valor não disponível.
Ex: A produção de feijão em determinado município não foi pesquisada ou determinado município não existia no ano da pesquisa."
"A a Z
(exceto X)";"Significa uma faixa de valores. Varia em função da tabela (se for o caso).
Ex: O nível de precisão da produção estimada de combustíveis está na faixa A (95 a 100%)"
