﻿"Tabela 10145 - População residente, total e diagnosticada com autismo, por sexo e grupo de idade - Ranking ascendente"
"Variável - População residente diagnosticada com autismo (Pessoas)"
"Unidade da Federação";"#";"Grupo de idade";"Ano x Sexo"
"Unidade da Federação";"#";"Grupo de idade";"2022"
"Unidade da Federação";"#";"Grupo de idade";"Total"
"Rondônia";"1";"15 a 19 anos";"1833"
"Rondônia";"2";"0 a 4 anos";"1983"
"Rondônia";"3";"10 a 14 anos";"2534"
"Rondônia";"4";"5 a 9 anos";"2873"
"Acre";"1";"15 a 19 anos";"1228"
"Acre";"2";"10 a 14 anos";"2070"
"Acre";"3";"0 a 4 anos";"2071"
"Acre";"4";"5 a 9 anos";"3090"
"Amazonas";"1";"15 a 19 anos";"4809"
"Amazonas";"2";"0 a 4 anos";"5694"
"Amazonas";"3";"10 a 14 anos";"6053"
"Amazonas";"4";"5 a 9 anos";"7814"
"Roraima";"1";"15 a 19 anos";"675"
"Roraima";"2";"10 a 14 anos";"934"
"Roraima";"3";"5 a 9 anos";"1172"
"Roraima";"4";"0 a 4 anos";"1214"
"Pará";"1";"15 a 19 anos";"9067"
"Pará";"2";"0 a 4 anos";"9137"
"Pará";"3";"10 a 14 anos";"11652"
"Pará";"4";"5 a 9 anos";"13413"
"Amapá";"1";"15 a 19 anos";"990"
"Amapá";"2";"10 a 14 anos";"1633"
"Amapá";"3";"0 a 4 anos";"1702"
"Amapá";"4";"5 a 9 anos";"2377"
"Tocantins";"1";"15 a 19 anos";"1193"
"Tocantins";"2";"10 a 14 anos";"1614"
"Tocantins";"3";"0 a 4 anos";"1744"
"Tocantins";"4";"5 a 9 anos";"2115"
"Maranhão";"1";"15 a 19 anos";"6772"
"Maranhão";"2";"0 a 4 anos";"8175"
"Maranhão";"3";"10 a 14 anos";"9282"
"Maranhão";"4";"5 a 9 anos";"11790"
"Piauí";"1";"15 a 19 anos";"3248"
"Piauí";"2";"0 a 4 anos";"4428"
"Piauí";"3";"10 a 14 anos";"5065"
"Piauí";"4";"5 a 9 anos";"6861"
"Ceará";"1";"15 a 19 anos";"10060"
"Ceará";"2";"10 a 14 anos";"15462"
"Ceará";"3";"0 a 4 anos";"17790"
"Ceará";"4";"5 a 9 anos";"23486"
"Rio Grande do Norte";"1";"15 a 19 anos";"3836"
"Rio Grande do Norte";"2";"0 a 4 anos";"4488"
"Rio Grande do Norte";"3";"10 a 14 anos";"4723"
"Rio Grande do Norte";"4";"5 a 9 anos";"6075"
"Paraíba";"1";"15 a 19 anos";"3895"
"Paraíba";"2";"10 a 14 anos";"5701"
"Paraíba";"3";"0 a 4 anos";"6753"
"Paraíba";"4";"5 a 9 anos";"8726"
"Pernambuco";"1";"15 a 19 anos";"8920"
"Pernambuco";"2";"0 a 4 anos";"12671"
"Pernambuco";"3";"10 a 14 anos";"13294"
"Pernambuco";"4";"5 a 9 anos";"17858"
"Alagoas";"1";"15 a 19 anos";"2832"
"Alagoas";"2";"0 a 4 anos";"3760"
"Alagoas";"3";"10 a 14 anos";"4056"
"Alagoas";"4";"5 a 9 anos";"5401"
"Sergipe";"1";"15 a 19 anos";"1995"
"Sergipe";"2";"10 a 14 anos";"3476"
"Sergipe";"3";"0 a 4 anos";"3508"
"Sergipe";"4";"5 a 9 anos";"4669"
"Bahia";"1";"15 a 19 anos";"12110"
"Bahia";"2";"0 a 4 anos";"14891"
"Bahia";"3";"10 a 14 anos";"14999"
"Bahia";"4";"5 a 9 anos";"20030"
"Minas Gerais";"1";"15 a 19 anos";"17975"
"Minas Gerais";"2";"0 a 4 anos";"23758"
"Minas Gerais";"3";"10 a 14 anos";"24015"
"Minas Gerais";"4";"5 a 9 anos";"32146"
"Espírito Santo";"1";"15 a 19 anos";"4030"
"Espírito Santo";"2";"0 a 4 anos";"5265"
"Espírito Santo";"3";"10 a 14 anos";"5922"
"Espírito Santo";"4";"5 a 9 anos";"8740"
"Rio de Janeiro";"1";"15 a 19 anos";"15601"
"Rio de Janeiro";"2";"10 a 14 anos";"20246"
"Rio de Janeiro";"3";"0 a 4 anos";"20253"
"Rio de Janeiro";"4";"5 a 9 anos";"28919"
"São Paulo";"1";"15 a 19 anos";"38538"
"São Paulo";"2";"10 a 14 anos";"48597"
"São Paulo";"3";"0 a 4 anos";"53995"
"São Paulo";"4";"5 a 9 anos";"67230"
"Paraná";"1";"15 a 19 anos";"10219"
"Paraná";"2";"10 a 14 anos";"14423"
"Paraná";"3";"0 a 4 anos";"16333"
"Paraná";"4";"5 a 9 anos";"19442"
"Santa Catarina";"1";"15 a 19 anos";"7373"
"Santa Catarina";"2";"10 a 14 anos";"10028"
"Santa Catarina";"3";"0 a 4 anos";"10797"
"Santa Catarina";"4";"5 a 9 anos";"14598"
"Rio Grande do Sul";"1";"15 a 19 anos";"9647"
"Rio Grande do Sul";"2";"10 a 14 anos";"11799"
"Rio Grande do Sul";"3";"0 a 4 anos";"13300"
"Rio Grande do Sul";"4";"5 a 9 anos";"17228"
"Mato Grosso do Sul";"1";"15 a 19 anos";"2273"
"Mato Grosso do Sul";"2";"0 a 4 anos";"3408"
"Mato Grosso do Sul";"3";"10 a 14 anos";"3416"
"Mato Grosso do Sul";"4";"5 a 9 anos";"4237"
"Mato Grosso";"1";"15 a 19 anos";"3446"
"Mato Grosso";"2";"10 a 14 anos";"3800"
"Mato Grosso";"3";"0 a 4 anos";"4604"
"Mato Grosso";"4";"5 a 9 anos";"5515"
"Goiás";"1";"15 a 19 anos";"5858"
"Goiás";"2";"10 a 14 anos";"6733"
"Goiás";"3";"0 a 4 anos";"7871"
"Goiás";"4";"5 a 9 anos";"9916"
"Distrito Federal";"1";"15 a 19 anos";"2762"
"Distrito Federal";"2";"10 a 14 anos";"3294"
"Distrito Federal";"3";"0 a 4 anos";"3512"
"Distrito Federal";"4";"5 a 9 anos";"5222"
"Fonte: IBGE - Censo Demográfico"

"Notas"
"1 - Dados dos resultados preliminares da amostra, estimados a partir de áreas de ponderação preliminares;"
"2 - Considera-se pessoa com autismo aquela que respondeu que já foi diagnosticada com autismo por algum profissional de saúde;"
"3 - População residente são as pessoas que tinham o domicílio como local de residência habitual e estavam presentes na data de referência da pesquisa, ou ausentes, temporariamente, por período não superior a 12 meses em relação àquela data."
""
"Legenda"
"Símbolo";"Significado"
"-";"Zero absoluto, não resultante de um cálculo ou arredondamento.
Ex: Em determinado município não existem pessoas de 14 anos de idade sem instrução."
"0";"Zero resultante de um cálculo ou arredondamento.
Ex: A inflação do feijão em determinada Região Metropolitana foi 0.
Determinado município produziu 400 kg de sementes de girassol e os dados da tabela são expressos em toneladas."
"X";"Valor inibido para não identificar o informante.
Ex: Determinado município só possui uma empresa produtora de cimento, logo o valor de sua produção deve ser inibido."
"..";"Valor não se aplica.
Ex: Não se pode obter o total da produção agrícola em determinado município quando os produtos agrícolas são contabilizados com unidades de medida distintas."
"...";"Valor não disponível.
Ex: A produção de feijão em determinado município não foi pesquisada ou determinado município não existia no ano da pesquisa."
"A a Z
(exceto X)";"Significa uma faixa de valores. Varia em função da tabela (se for o caso).
Ex: O nível de precisão da produção estimada de combustíveis está na faixa A (95 a 100%)"
