﻿"Tabela 10145 - População residente, total e diagnosticada com autismo, por sexo e grupo de idade - Ranking ascendente"
"Variável - População residente (Pessoas)"
"Unidade da Federação";"#";"Grupo de idade";"Ano x Sexo"
"Unidade da Federação";"#";"Grupo de idade";"2022"
"Unidade da Federação";"#";"Grupo de idade";"Total"
"Rondônia";"1";"Total";"1581196"
"Acre";"1";"Total";"830018"
"Amazonas";"1";"Total";"3941613"
"Roraima";"1";"Total";"636707"
"Pará";"1";"Total";"8120131"
"Amapá";"1";"Total";"733759"
"Tocantins";"1";"Total";"1511460"
"Maranhão";"1";"Total";"6776699"
"Piauí";"1";"Total";"3271199"
"Ceará";"1";"Total";"8794957"
"Rio Grande do Norte";"1";"Total";"3302729"
"Paraíba";"1";"Total";"3974687"
"Pernambuco";"1";"Total";"9058931"
"Alagoas";"1";"Total";"3127683"
"Sergipe";"1";"Total";"2210004"
"Bahia";"1";"Total";"14141626"
"Minas Gerais";"1";"Total";"20539989"
"Espírito Santo";"1";"Total";"3833712"
"Rio de Janeiro";"1";"Total";"16055174"
"São Paulo";"1";"Total";"44411238"
"Paraná";"1";"Total";"11444380"
"Santa Catarina";"1";"Total";"7610361"
"Rio Grande do Sul";"1";"Total";"10882965"
"Mato Grosso do Sul";"1";"Total";"2757013"
"Mato Grosso";"1";"Total";"3658649"
"Goiás";"1";"Total";"7056495"
"Distrito Federal";"1";"Total";"2817381"
"Fonte: IBGE - Censo Demográfico"

"Notas"
"1 - Dados dos resultados preliminares da amostra, estimados a partir de áreas de ponderação preliminares;"
"2 - Considera-se pessoa com autismo aquela que respondeu que já foi diagnosticada com autismo por algum profissional de saúde;"
"3 - População residente são as pessoas que tinham o domicílio como local de residência habitual e estavam presentes na data de referência da pesquisa, ou ausentes, temporariamente, por período não superior a 12 meses em relação àquela data."
""
"Legenda"
"Símbolo";"Significado"
"-";"Zero absoluto, não resultante de um cálculo ou arredondamento.
Ex: Em determinado município não existem pessoas de 14 anos de idade sem instrução."
"0";"Zero resultante de um cálculo ou arredondamento.
Ex: A inflação do feijão em determinada Região Metropolitana foi 0.
Determinado município produziu 400 kg de sementes de girassol e os dados da tabela são expressos em toneladas."
"X";"Valor inibido para não identificar o informante.
Ex: Determinado município só possui uma empresa produtora de cimento, logo o valor de sua produção deve ser inibido."
"..";"Valor não se aplica.
Ex: Não se pode obter o total da produção agrícola em determinado município quando os produtos agrícolas são contabilizados com unidades de medida distintas."
"...";"Valor não disponível.
Ex: A produção de feijão em determinado município não foi pesquisada ou determinado município não existia no ano da pesquisa."
"A a Z
(exceto X)";"Significa uma faixa de valores. Varia em função da tabela (se for o caso).
Ex: O nível de precisão da produção estimada de combustíveis está na faixa A (95 a 100%)"
